<CommunicationLog xmlns="http://knx.org/xml/telegrams/01">
  <RecordStart Timestamp="2019-01-08T00:08:09.3194588Z" Mode="LinkLayer" Host="alvaro-PC" ConnectionName="1" ConnectionOptions="Type=KnxIpTunneling;HostAddress=192.168.4.214;UseNat=True;Name=1" ConnectorType="KnxIpTunneling" />
  <Telegram Timestamp="2019-01-08T00:08:10.2325111Z" Service="L_Data.ind" FrameFormat="CommonEmi" RawData="2900BCE01114BF01010080" />
  <Telegram Timestamp="2019-01-08T00:08:11.2325683Z" Service="L_Data.ind" FrameFormat="CommonEmi" RawData="2900BCE01114BF01010080" />
  <Telegram Timestamp="2019-01-08T00:08:12.2316254Z" Service="L_Data.ind" FrameFormat="CommonEmi" RawData="2900BCE01114BF01010080" />
  <Telegram Timestamp="2019-01-08T00:08:13.2316826Z" Service="L_Data.ind" FrameFormat="CommonEmi" RawData="2900BCE01114BF01010080" />
  <Telegram Timestamp="2019-01-08T00:08:14.2317398Z" Service="L_Data.ind" FrameFormat="CommonEmi" RawData="2900BCE01114BF01010080" />
  <Telegram Timestamp="2019-01-08T00:08:14.532757Z" Service="L_Data.ind" FrameFormat="CommonEmi" RawData="2900BCE011051801010081" />
  <Telegram Timestamp="2019-01-08T00:08:15.231797Z" Service="L_Data.ind" FrameFormat="CommonEmi" RawData="2900BCE01114BF01010080" />
  <Telegram Timestamp="2019-01-08T00:08:16.2318542Z" Service="L_Data.ind" FrameFormat="CommonEmi" RawData="2900BCE01114BF01010080" />
  <Telegram Timestamp="2019-01-08T00:08:17.2319114Z" Service="L_Data.ind" FrameFormat="CommonEmi" RawData="2900BCE01114BF01010080" />
  <RecordStop Timestamp="2019-01-08T00:08:18.1039613Z" />
  <RecordStart Timestamp="2019-01-08T00:10:13.6415697Z" Mode="LinkLayer" Host="alvaro-PC" ConnectionName="1" ConnectionOptions="Type=KnxIpTunneling;HostAddress=192.168.4.214;UseNat=True;Name=1" ConnectorType="KnxIpTunneling" />
  <Telegram Timestamp="2019-01-08T00:10:14.2316034Z" Service="L_Data.ind" FrameFormat="CommonEmi" RawData="2900BCE01114BF01010080" />
  <Telegram Timestamp="2019-01-08T00:10:15.2296605Z" Service="L_Data.ind" FrameFormat="CommonEmi" RawData="2900BCE01114BF01010080" />
  <Telegram Timestamp="2019-01-08T00:10:16.2297177Z" Service="L_Data.ind" FrameFormat="CommonEmi" RawData="2900BCE01114BF01010080" />
  <Telegram Timestamp="2019-01-08T00:10:16.7727488Z" Service="L_Data.ind" FrameFormat="CommonEmi" RawData="2900BCE011061802010081" />
  <Telegram Timestamp="2019-01-08T00:10:17.2297749Z" Service="L_Data.ind" FrameFormat="CommonEmi" RawData="2900BCE01114BF01010080" />
  <Telegram Timestamp="2019-01-08T00:10:18.2308322Z" Service="L_Data.ind" FrameFormat="CommonEmi" RawData="2900BCE01114BF01010080" />
  <Telegram Timestamp="2019-01-08T00:10:19.2298893Z" Service="L_Data.ind" FrameFormat="CommonEmi" RawData="2900BCE01114BF01010080" />
  <Telegram Timestamp="2019-01-08T00:10:20.2299465Z" Service="L_Data.ind" FrameFormat="CommonEmi" RawData="2900BCE01114BF01010080" />
  <RecordStop Timestamp="2019-01-08T00:10:20.6519706Z" />
  <RecordStart Timestamp="2019-01-08T00:11:23.9795928Z" Mode="LinkLayer" Host="alvaro-PC" ConnectionName="1" ConnectionOptions="Type=KnxIpTunneling;HostAddress=192.168.4.214;UseNat=True;Name=1" ConnectorType="KnxIpTunneling" />
  <Telegram Timestamp="2019-01-08T00:11:24.228607Z" Service="L_Data.ind" FrameFormat="CommonEmi" RawData="2900BCE01114BF01010080" />
  <Telegram Timestamp="2019-01-08T00:11:25.3506712Z" Service="L_Data.ind" FrameFormat="CommonEmi" RawData="2900BCE01114BF01010080" />
  <Telegram Timestamp="2019-01-08T00:11:26.2277213Z" Service="L_Data.ind" FrameFormat="CommonEmi" RawData="2900BCE01114BF01010080" />
  <Telegram Timestamp="2019-01-08T00:11:27.2277785Z" Service="L_Data.ind" FrameFormat="CommonEmi" RawData="2900BCE01114BF01010080" />
  <Telegram Timestamp="2019-01-08T00:11:28.2278357Z" Service="L_Data.ind" FrameFormat="CommonEmi" RawData="2900BCE01114BF01010080" />
  <Telegram Timestamp="2019-01-08T00:11:29.228893Z" Service="L_Data.ind" FrameFormat="CommonEmi" RawData="2900BCE01114BF01010080" />
  <Telegram Timestamp="2019-01-08T00:11:29.770924Z" Service="L_Data.ind" FrameFormat="CommonEmi" RawData="2900BCE011111200010080" />
  <Telegram Timestamp="2019-01-08T00:11:30.2289502Z" Service="L_Data.ind" FrameFormat="CommonEmi" RawData="2900BCE01114BF01010080" />
  <Telegram Timestamp="2019-01-08T00:11:31.1470027Z" Service="L_Data.ind" FrameFormat="CommonEmi" RawData="2900BCE011111201010080" />
  <Telegram Timestamp="2019-01-08T00:11:31.2270073Z" Service="L_Data.ind" FrameFormat="CommonEmi" RawData="2900BCE01114BF01010080" />
  <Telegram Timestamp="2019-01-08T00:11:32.2270645Z" Service="L_Data.ind" FrameFormat="CommonEmi" RawData="2900BCE01114BF01010080" />
  <Telegram Timestamp="2019-01-08T00:11:33.2271217Z" Service="L_Data.ind" FrameFormat="CommonEmi" RawData="2900BCE01114BF01010080" />
  <RecordStop Timestamp="2019-01-08T00:11:34.1041719Z" />
  <RecordStart Timestamp="2019-01-08T00:13:37.628237Z" Mode="LinkLayer" Host="alvaro-PC" ConnectionName="1" ConnectionOptions="Type=KnxIpTunneling;HostAddress=192.168.4.214;UseNat=True;Name=1" ConnectorType="KnxIpTunneling" />
  <Telegram Timestamp="2019-01-08T00:13:38.2262712Z" Service="L_Data.ind" FrameFormat="CommonEmi" RawData="2900BCE01114BF01010080" />
  <Telegram Timestamp="2019-01-08T00:13:39.2233283Z" Service="L_Data.ind" FrameFormat="CommonEmi" RawData="2900BCE01114BF01010080" />
  <Telegram Timestamp="2019-01-08T00:13:39.8983669Z" Service="L_Data.ind" FrameFormat="CommonEmi" RawData="2900BCE011111200010081" />
  <Telegram Timestamp="2019-01-08T00:13:40.2243855Z" Service="L_Data.ind" FrameFormat="CommonEmi" RawData="2900BCE01114BF01010080" />
  <Telegram Timestamp="2019-01-08T00:13:41.2244427Z" Service="L_Data.ind" FrameFormat="CommonEmi" RawData="2900BCE01114BF01010080" />
  <Telegram Timestamp="2019-01-08T00:13:42.2275001Z" Service="L_Data.ind" FrameFormat="CommonEmi" RawData="2900BCE01114BF01010080" />
  <Telegram Timestamp="2019-01-08T00:13:42.2975041Z" Service="L_Data.ind" FrameFormat="CommonEmi" RawData="2900BCE011111201010081" />
  <Telegram Timestamp="2019-01-08T00:13:43.2245571Z" Service="L_Data.ind" FrameFormat="CommonEmi" RawData="2900BCE01114BF01010080" />
  <Telegram Timestamp="2019-01-08T00:13:43.7875893Z" Service="L_Data.ind" FrameFormat="CommonEmi" RawData="2900BCE011111201010080" />
  <Telegram Timestamp="2019-01-08T00:13:44.2246143Z" Service="L_Data.ind" FrameFormat="CommonEmi" RawData="2900BCE01114BF01010080" />
  <Telegram Timestamp="2019-01-08T00:13:44.8286489Z" Service="L_Data.ind" FrameFormat="CommonEmi" RawData="2900BCE011111200010080" />
  <Telegram Timestamp="2019-01-08T00:13:45.2256716Z" Service="L_Data.ind" FrameFormat="CommonEmi" RawData="2900BCE01114BF01010080" />
  <Telegram Timestamp="2019-01-08T00:13:46.2257288Z" Service="L_Data.ind" FrameFormat="CommonEmi" RawData="2900BCE01114BF01010080" />
  <RecordStop Timestamp="2019-01-08T00:13:47.0367752Z" />
  <RecordStart Timestamp="2019-01-08T00:14:38.3687112Z" Mode="LinkLayer" Host="alvaro-PC" ConnectionName="1" ConnectionOptions="Type=KnxIpTunneling;HostAddress=192.168.4.214;UseNat=True;Name=1" ConnectorType="KnxIpTunneling" />
  <Telegram Timestamp="2019-01-08T00:14:39.22176Z" Service="L_Data.ind" FrameFormat="CommonEmi" RawData="2900BCE01114BF01010080" />
  <Telegram Timestamp="2019-01-08T00:14:40.2218172Z" Service="L_Data.ind" FrameFormat="CommonEmi" RawData="2900BCE01114BF01010080" />
  <Telegram Timestamp="2019-01-08T00:14:41.1198685Z" Service="L_Data.ind" FrameFormat="CommonEmi" RawData="2900BCE0110B1100010080" />
  <Telegram Timestamp="2019-01-08T00:14:41.2218744Z" Service="L_Data.ind" FrameFormat="CommonEmi" RawData="2900BCE01114BF01010080" />
  <Telegram Timestamp="2019-01-08T00:14:41.9169141Z" Service="L_Data.ind" FrameFormat="CommonEmi" RawData="2900BCE0110B1101010080" />
  <Telegram Timestamp="2019-01-08T00:14:42.2219316Z" Service="L_Data.ind" FrameFormat="CommonEmi" RawData="2900BCE01114BF01010080" />
  <Telegram Timestamp="2019-01-08T00:14:43.2219888Z" Service="L_Data.ind" FrameFormat="CommonEmi" RawData="2900BCE01114BF01010080" />
  <Telegram Timestamp="2019-01-08T00:14:44.222046Z" Service="L_Data.ind" FrameFormat="CommonEmi" RawData="2900BCE01114BF01010080" />
  <RecordStop Timestamp="2019-01-08T00:14:44.6490704Z" />
  <RecordStart Timestamp="2019-01-08T00:15:23.1302714Z" Mode="LinkLayer" Host="alvaro-PC" ConnectionName="1" ConnectionOptions="Type=KnxIpTunneling;HostAddress=192.168.4.214;UseNat=True;Name=1" ConnectorType="KnxIpTunneling" />
  <Telegram Timestamp="2019-01-08T00:15:23.2222767Z" Service="L_Data.ind" FrameFormat="CommonEmi" RawData="2900BCE01114BF01010080" />
  <Telegram Timestamp="2019-01-08T00:15:24.2213338Z" Service="L_Data.ind" FrameFormat="CommonEmi" RawData="2900BCE01114BF01010080" />
  <Telegram Timestamp="2019-01-08T00:15:25.221391Z" Service="L_Data.ind" FrameFormat="CommonEmi" RawData="2900BCE01114BF01010080" />
  <Telegram Timestamp="2019-01-08T00:15:26.2204481Z" Service="L_Data.ind" FrameFormat="CommonEmi" RawData="2900BCE01114BF01010080" />
  <Telegram Timestamp="2019-01-08T00:15:27.2225055Z" Service="L_Data.ind" FrameFormat="CommonEmi" RawData="2900BCE01114BF01010080" />
  <Telegram Timestamp="2019-01-08T00:15:28.2215626Z" Service="L_Data.ind" FrameFormat="CommonEmi" RawData="2900BCE01114BF01010080" />
  <Telegram Timestamp="2019-01-08T00:15:29.2206197Z" Service="L_Data.ind" FrameFormat="CommonEmi" RawData="2900BCE01114BF01010080" />
  <Telegram Timestamp="2019-01-08T00:15:30.2206769Z" Service="L_Data.ind" FrameFormat="CommonEmi" RawData="2900BCE01114BF01010080" />
  <Telegram Timestamp="2019-01-08T00:15:31.2217342Z" Service="L_Data.ind" FrameFormat="CommonEmi" RawData="2900BCE01114BF01010080" />
  <Telegram Timestamp="2019-01-08T00:15:32.2217914Z" Service="L_Data.ind" FrameFormat="CommonEmi" RawData="2900BCE01114BF01010080" />
  <Telegram Timestamp="2019-01-08T00:15:33.2218486Z" Service="L_Data.ind" FrameFormat="CommonEmi" RawData="2900BCE01114BF01010080" />
  <Telegram Timestamp="2019-01-08T00:15:34.2219058Z" Service="L_Data.ind" FrameFormat="CommonEmi" RawData="2900BCE01114BF01010080" />
  <Telegram Timestamp="2019-01-08T00:15:35.221963Z" Service="L_Data.ind" FrameFormat="CommonEmi" RawData="2900BCE01114BF01010080" />
  <Telegram Timestamp="2019-01-08T00:15:36.2210201Z" Service="L_Data.ind" FrameFormat="CommonEmi" RawData="2900BCE01114BF01010080" />
  <Telegram Timestamp="2019-01-08T00:15:37.2210773Z" Service="L_Data.ind" FrameFormat="CommonEmi" RawData="2900BCE01114BF01010080" />
  <Telegram Timestamp="2019-01-08T00:15:38.2221346Z" Service="L_Data.ind" FrameFormat="CommonEmi" RawData="2900BCE01114BF01010080" />
  <Telegram Timestamp="2019-01-08T00:15:38.561154Z" Service="L_Data.ind" FrameFormat="CommonEmi" RawData="2900BCE011051801010081" />
  <Telegram Timestamp="2019-01-08T00:15:39.2211917Z" Service="L_Data.ind" FrameFormat="CommonEmi" RawData="2900BCE01114BF01010080" />
  <Telegram Timestamp="2019-01-08T00:15:40.2212489Z" Service="L_Data.ind" FrameFormat="CommonEmi" RawData="2900BCE01114BF01010080" />
  <Telegram Timestamp="2019-01-08T00:15:41.2213061Z" Service="L_Data.ind" FrameFormat="CommonEmi" RawData="2900BCE01114BF01010080" />
  <Telegram Timestamp="2019-01-08T00:15:42.2213633Z" Service="L_Data.ind" FrameFormat="CommonEmi" RawData="2900BCE01114BF01010080" />
  <Telegram Timestamp="2019-01-08T00:15:43.2214205Z" Service="L_Data.ind" FrameFormat="CommonEmi" RawData="2900BCE01114BF01010080" />
  <Telegram Timestamp="2019-01-08T00:15:44.2204777Z" Service="L_Data.ind" FrameFormat="CommonEmi" RawData="2900BCE01114BF01010080" />
  <Telegram Timestamp="2019-01-08T00:15:45.2205349Z" Service="L_Data.ind" FrameFormat="CommonEmi" RawData="2900BCE01114BF01010080" />
  <Telegram Timestamp="2019-01-08T00:15:46.2215921Z" Service="L_Data.ind" FrameFormat="CommonEmi" RawData="2900BCE01114BF01010080" />
  <Telegram Timestamp="2019-01-08T00:15:47.2206493Z" Service="L_Data.ind" FrameFormat="CommonEmi" RawData="2900BCE01114BF01010080" />
  <Telegram Timestamp="2019-01-08T00:15:48.2207065Z" Service="L_Data.ind" FrameFormat="CommonEmi" RawData="2900BCE01114BF01010080" />
  <Telegram Timestamp="2019-01-08T00:15:49.2197636Z" Service="L_Data.ind" FrameFormat="CommonEmi" RawData="2900BCE01114BF01010080" />
  <Telegram Timestamp="2019-01-08T00:15:50.2198208Z" Service="L_Data.ind" FrameFormat="CommonEmi" RawData="2900BCE01114BF01010080" />
  <Telegram Timestamp="2019-01-08T00:15:51.2218781Z" Service="L_Data.ind" FrameFormat="CommonEmi" RawData="2900BCE01114BF01010080" />
  <Telegram Timestamp="2019-01-08T00:15:52.2589375Z" Service="L_Data.ind" FrameFormat="CommonEmi" RawData="2900BCE01114BF01010080" />
  <Telegram Timestamp="2019-01-08T00:15:53.2759956Z" Service="L_Data.ind" FrameFormat="CommonEmi" RawData="2900BCE01114BF01010080" />
  <Telegram Timestamp="2019-01-08T00:15:54.2220497Z" Service="L_Data.ind" FrameFormat="CommonEmi" RawData="2900BCE01114BF01010080" />
  <Telegram Timestamp="2019-01-08T00:15:55.2211069Z" Service="L_Data.ind" FrameFormat="CommonEmi" RawData="2900BCE01114BF01010080" />
  <Telegram Timestamp="2019-01-08T00:15:56.2211641Z" Service="L_Data.ind" FrameFormat="CommonEmi" RawData="2900BCE01114BF01010080" />
  <Telegram Timestamp="2019-01-08T00:15:57.2212213Z" Service="L_Data.ind" FrameFormat="CommonEmi" RawData="2900BCE01114BF01010080" />
  <Telegram Timestamp="2019-01-08T00:15:58.0242672Z" Service="L_Data.ind" FrameFormat="CommonEmi" RawData="2900BCE011071803010081" />
  <Telegram Timestamp="2019-01-08T00:15:58.2212785Z" Service="L_Data.ind" FrameFormat="CommonEmi" RawData="2900BCE01114BF01010080" />
  <Telegram Timestamp="2019-01-08T00:15:59.2213357Z" Service="L_Data.ind" FrameFormat="CommonEmi" RawData="2900BCE01114BF01010080" />
  <Telegram Timestamp="2019-01-08T00:16:00.2203928Z" Service="L_Data.ind" FrameFormat="CommonEmi" RawData="2900BCE01114BF01010080" />
  <Telegram Timestamp="2019-01-08T00:16:01.22045Z" Service="L_Data.ind" FrameFormat="CommonEmi" RawData="2900BCE01114BF01010080" />
  <Telegram Timestamp="2019-01-08T00:16:02.2215073Z" Service="L_Data.ind" FrameFormat="CommonEmi" RawData="2900BCE01114BF01010080" />
  <Telegram Timestamp="2019-01-08T00:16:03.2205644Z" Service="L_Data.ind" FrameFormat="CommonEmi" RawData="2900BCE01114BF01010080" />
  <Telegram Timestamp="2019-01-08T00:16:04.2196216Z" Service="L_Data.ind" FrameFormat="CommonEmi" RawData="2900BCE01114BF01010080" />
  <Telegram Timestamp="2019-01-08T00:16:05.2206788Z" Service="L_Data.ind" FrameFormat="CommonEmi" RawData="2900BCE01114BF01010080" />
  <Telegram Timestamp="2019-01-08T00:16:06.219736Z" Service="L_Data.ind" FrameFormat="CommonEmi" RawData="2900BCE01114BF01010080" />
  <Telegram Timestamp="2019-01-08T00:16:07.2197932Z" Service="L_Data.ind" FrameFormat="CommonEmi" RawData="2900BCE01114BF01010080" />
  <Telegram Timestamp="2019-01-08T00:16:08.2218505Z" Service="L_Data.ind" FrameFormat="CommonEmi" RawData="2900BCE01114BF01010080" />
  <Telegram Timestamp="2019-01-08T00:16:09.2209076Z" Service="L_Data.ind" FrameFormat="CommonEmi" RawData="2900BCE01114BF01010080" />
  <Telegram Timestamp="2019-01-08T00:16:10.2209648Z" Service="L_Data.ind" FrameFormat="CommonEmi" RawData="2900BCE01114BF01010080" />
  <Telegram Timestamp="2019-01-08T00:16:11.221022Z" Service="L_Data.ind" FrameFormat="CommonEmi" RawData="2900BCE01114BF01010080" />
  <Telegram Timestamp="2019-01-08T00:16:12.2210792Z" Service="L_Data.ind" FrameFormat="CommonEmi" RawData="2900BCE01114BF01010080" />
  <Telegram Timestamp="2019-01-08T00:16:13.2211364Z" Service="L_Data.ind" FrameFormat="CommonEmi" RawData="2900BCE01114BF01010080" />
  <Telegram Timestamp="2019-01-08T00:16:14.2211936Z" Service="L_Data.ind" FrameFormat="CommonEmi" RawData="2900BCE01114BF01010080" />
  <Telegram Timestamp="2019-01-08T00:16:15.2202508Z" Service="L_Data.ind" FrameFormat="CommonEmi" RawData="2900BCE01114BF01010080" />
  <Telegram Timestamp="2019-01-08T00:16:16.220308Z" Service="L_Data.ind" FrameFormat="CommonEmi" RawData="2900BCE01114BF01010080" />
  <Telegram Timestamp="2019-01-08T00:16:17.2203652Z" Service="L_Data.ind" FrameFormat="CommonEmi" RawData="2900BCE01114BF01010080" />
  <Telegram Timestamp="2019-01-08T00:16:18.2194223Z" Service="L_Data.ind" FrameFormat="CommonEmi" RawData="2900BCE01114BF01010080" />
  <Telegram Timestamp="2019-01-08T00:16:19.2204796Z" Service="L_Data.ind" FrameFormat="CommonEmi" RawData="2900BCE01114BF01010080" />
  <Telegram Timestamp="2019-01-08T00:16:20.2205368Z" Service="L_Data.ind" FrameFormat="CommonEmi" RawData="2900BCE01114BF01010080" />
  <Telegram Timestamp="2019-01-08T00:16:21.221594Z" Service="L_Data.ind" FrameFormat="CommonEmi" RawData="2900BCE01114BF01010080" />
  <Telegram Timestamp="2019-01-08T00:16:22.2216512Z" Service="L_Data.ind" FrameFormat="CommonEmi" RawData="2900BCE01114BF01010080" />
  <Telegram Timestamp="2019-01-08T00:16:23.2207084Z" Service="L_Data.ind" FrameFormat="CommonEmi" RawData="2900BCE01114BF01010080" />
  <Telegram Timestamp="2019-01-08T00:16:24.2237657Z" Service="L_Data.ind" FrameFormat="CommonEmi" RawData="2900BCE01114BF01010080" />
  <Telegram Timestamp="2019-01-08T00:16:25.2208228Z" Service="L_Data.ind" FrameFormat="CommonEmi" RawData="2900BCE01114BF01010080" />
  <Telegram Timestamp="2019-01-08T00:16:26.22088Z" Service="L_Data.ind" FrameFormat="CommonEmi" RawData="2900BCE01114BF01010080" />
  <Telegram Timestamp="2019-01-08T00:16:27.2209372Z" Service="L_Data.ind" FrameFormat="CommonEmi" RawData="2900BCE01114BF01010080" />
  <Telegram Timestamp="2019-01-08T00:16:28.2209944Z" Service="L_Data.ind" FrameFormat="CommonEmi" RawData="2900BCE01114BF01010080" />
  <Telegram Timestamp="2019-01-08T00:16:29.2200515Z" Service="L_Data.ind" FrameFormat="CommonEmi" RawData="2900BCE01114BF01010080" />
  <Telegram Timestamp="2019-01-08T00:16:30.2201087Z" Service="L_Data.ind" FrameFormat="CommonEmi" RawData="2900BCE01114BF01010080" />
  <Telegram Timestamp="2019-01-08T00:16:31.221166Z" Service="L_Data.ind" FrameFormat="CommonEmi" RawData="2900BCE01114BF01010080" />
  <Telegram Timestamp="2019-01-08T00:16:32.2202231Z" Service="L_Data.ind" FrameFormat="CommonEmi" RawData="2900BCE01114BF01010080" />
  <Telegram Timestamp="2019-01-08T00:16:33.2202803Z" Service="L_Data.ind" FrameFormat="CommonEmi" RawData="2900BCE01114BF01010080" />
  <Telegram Timestamp="2019-01-08T00:16:34.2203375Z" Service="L_Data.ind" FrameFormat="CommonEmi" RawData="2900BCE01114BF01010080" />
  <Telegram Timestamp="2019-01-08T00:16:35.2193947Z" Service="L_Data.ind" FrameFormat="CommonEmi" RawData="2900BCE01114BF01010080" />
  <Telegram Timestamp="2019-01-08T00:16:36.2234521Z" Service="L_Data.ind" FrameFormat="CommonEmi" RawData="2900BCE01114BF01010080" />
  <Telegram Timestamp="2019-01-08T00:16:37.2245093Z" Service="L_Data.ind" FrameFormat="CommonEmi" RawData="2900BCE01114BF01010080" />
  <Telegram Timestamp="2019-01-08T00:16:38.2205663Z" Service="L_Data.ind" FrameFormat="CommonEmi" RawData="2900BCE01114BF01010080" />
  <Telegram Timestamp="2019-01-08T00:16:39.2206235Z" Service="L_Data.ind" FrameFormat="CommonEmi" RawData="2900BCE01114BF01010080" />
  <Telegram Timestamp="2019-01-08T00:16:40.2206807Z" Service="L_Data.ind" FrameFormat="CommonEmi" RawData="2900BCE01114BF01010080" />
  <Telegram Timestamp="2019-01-08T00:16:41.2207379Z" Service="L_Data.ind" FrameFormat="CommonEmi" RawData="2900BCE01114BF01010080" />
  <Telegram Timestamp="2019-01-08T00:16:42.2197951Z" Service="L_Data.ind" FrameFormat="CommonEmi" RawData="2900BCE01114BF01010080" />
  <Telegram Timestamp="2019-01-08T00:16:43.2198523Z" Service="L_Data.ind" FrameFormat="CommonEmi" RawData="2900BCE01114BF01010080" />
  <Telegram Timestamp="2019-01-08T00:16:44.2199095Z" Service="L_Data.ind" FrameFormat="CommonEmi" RawData="2900BCE01114BF01010080" />
  <Telegram Timestamp="2019-01-08T00:16:45.2199667Z" Service="L_Data.ind" FrameFormat="CommonEmi" RawData="2900BCE01114BF01010080" />
  <Telegram Timestamp="2019-01-08T00:16:46.2200239Z" Service="L_Data.ind" FrameFormat="CommonEmi" RawData="2900BCE01114BF01010080" />
  <Telegram Timestamp="2019-01-08T00:16:47.219081Z" Service="L_Data.ind" FrameFormat="CommonEmi" RawData="2900BCE01114BF01010080" />
  <Telegram Timestamp="2019-01-08T00:16:48.2201383Z" Service="L_Data.ind" FrameFormat="CommonEmi" RawData="2900BCE01114BF01010080" />
  <Telegram Timestamp="2019-01-08T00:16:49.2211955Z" Service="L_Data.ind" FrameFormat="CommonEmi" RawData="2900BCE01114BF01010080" />
  <Telegram Timestamp="2019-01-08T00:16:50.2212527Z" Service="L_Data.ind" FrameFormat="CommonEmi" RawData="2900BCE01114BF01010080" />
  <Telegram Timestamp="2019-01-08T00:16:51.2203099Z" Service="L_Data.ind" FrameFormat="CommonEmi" RawData="2900BCE01114BF01010080" />
  <Telegram Timestamp="2019-01-08T00:16:52.2583692Z" Service="L_Data.ind" FrameFormat="CommonEmi" RawData="2900BCE01114BF01010080" />
  <Telegram Timestamp="2019-01-08T00:16:53.2194242Z" Service="L_Data.ind" FrameFormat="CommonEmi" RawData="2900BCE01114BF01010080" />
  <Telegram Timestamp="2019-01-08T00:16:54.2414827Z" Service="L_Data.ind" FrameFormat="CommonEmi" RawData="2900BCE01114BF01010080" />
  <Telegram Timestamp="2019-01-08T00:16:55.2805421Z" Service="L_Data.ind" FrameFormat="CommonEmi" RawData="2900BCE01114BF01010080" />
  <Telegram Timestamp="2019-01-08T00:16:56.275599Z" Service="L_Data.ind" FrameFormat="CommonEmi" RawData="2900BCE01114BF01010080" />
  <Telegram Timestamp="2019-01-08T00:16:57.2256533Z" Service="L_Data.ind" FrameFormat="CommonEmi" RawData="2900BCE01114BF01010080" />
  <Telegram Timestamp="2019-01-08T00:16:58.2187101Z" Service="L_Data.ind" FrameFormat="CommonEmi" RawData="2900BCE01114BF01010080" />
  <Telegram Timestamp="2019-01-08T00:16:59.2237676Z" Service="L_Data.ind" FrameFormat="CommonEmi" RawData="2900BCE01114BF01010080" />
  <Telegram Timestamp="2019-01-08T00:17:00.2198246Z" Service="L_Data.ind" FrameFormat="CommonEmi" RawData="2900BCE01114BF01010080" />
  <Telegram Timestamp="2019-01-08T00:17:01.2188817Z" Service="L_Data.ind" FrameFormat="CommonEmi" RawData="2900BCE01114BF01010080" />
  <Telegram Timestamp="2019-01-08T00:17:02.2189389Z" Service="L_Data.ind" FrameFormat="CommonEmi" RawData="2900BCE01114BF01010080" />
  <Telegram Timestamp="2019-01-08T00:17:03.2189961Z" Service="L_Data.ind" FrameFormat="CommonEmi" RawData="2900BCE01114BF01010080" />
  <Telegram Timestamp="2019-01-08T00:17:04.2190533Z" Service="L_Data.ind" FrameFormat="CommonEmi" RawData="2900BCE01114BF01010080" />
  <Telegram Timestamp="2019-01-08T00:17:05.2181105Z" Service="L_Data.ind" FrameFormat="CommonEmi" RawData="2900BCE01114BF01010080" />
  <Telegram Timestamp="2019-01-08T00:17:06.2181677Z" Service="L_Data.ind" FrameFormat="CommonEmi" RawData="2900BCE01114BF01010080" />
  <Telegram Timestamp="2019-01-08T00:17:07.220225Z" Service="L_Data.ind" FrameFormat="CommonEmi" RawData="2900BCE01114BF01010080" />
  <Telegram Timestamp="2019-01-08T00:17:08.2202822Z" Service="L_Data.ind" FrameFormat="CommonEmi" RawData="2900BCE01114BF01010080" />
  <Telegram Timestamp="2019-01-08T00:17:09.2193393Z" Service="L_Data.ind" FrameFormat="CommonEmi" RawData="2900BCE01114BF01010080" />
  <Telegram Timestamp="2019-01-08T00:17:10.2213967Z" Service="L_Data.ind" FrameFormat="CommonEmi" RawData="2900BCE01114BF01010080" />
  <Telegram Timestamp="2019-01-08T00:17:11.2194537Z" Service="L_Data.ind" FrameFormat="CommonEmi" RawData="2900BCE01114BF01010080" />
  <Telegram Timestamp="2019-01-08T00:17:12.2185109Z" Service="L_Data.ind" FrameFormat="CommonEmi" RawData="2900BCE01114BF01010080" />
  <Telegram Timestamp="2019-01-08T00:17:13.2185681Z" Service="L_Data.ind" FrameFormat="CommonEmi" RawData="2900BCE01114BF01010080" />
  <Telegram Timestamp="2019-01-08T00:17:14.2186253Z" Service="L_Data.ind" FrameFormat="CommonEmi" RawData="2900BCE01114BF01010080" />
  <Telegram Timestamp="2019-01-08T00:17:15.2186825Z" Service="L_Data.ind" FrameFormat="CommonEmi" RawData="2900BCE01114BF01010080" />
  <Telegram Timestamp="2019-01-08T00:17:16.2187397Z" Service="L_Data.ind" FrameFormat="CommonEmi" RawData="2900BCE01114BF01010080" />
  <Telegram Timestamp="2019-01-08T00:17:17.2177968Z" Service="L_Data.ind" FrameFormat="CommonEmi" RawData="2900BCE01114BF01010080" />
  <Telegram Timestamp="2019-01-08T00:17:18.217854Z" Service="L_Data.ind" FrameFormat="CommonEmi" RawData="2900BCE01114BF01010080" />
  <Telegram Timestamp="2019-01-08T00:17:19.2179112Z" Service="L_Data.ind" FrameFormat="CommonEmi" RawData="2900BCE01114BF01010080" />
  <Telegram Timestamp="2019-01-08T00:17:20.2179684Z" Service="L_Data.ind" FrameFormat="CommonEmi" RawData="2900BCE01114BF01010080" />
  <Telegram Timestamp="2019-01-08T00:17:21.2220259Z" Service="L_Data.ind" FrameFormat="CommonEmi" RawData="2900BCE01114BF01010080" />
  <Telegram Timestamp="2019-01-08T00:17:22.2190829Z" Service="L_Data.ind" FrameFormat="CommonEmi" RawData="2900BCE01114BF01010080" />
  <Telegram Timestamp="2019-01-08T00:17:23.2191401Z" Service="L_Data.ind" FrameFormat="CommonEmi" RawData="2900BCE01114BF01010080" />
  <Telegram Timestamp="2019-01-08T00:17:24.2191973Z" Service="L_Data.ind" FrameFormat="CommonEmi" RawData="2900BCE01114BF01010080" />
  <Telegram Timestamp="2019-01-08T00:17:25.2192545Z" Service="L_Data.ind" FrameFormat="CommonEmi" RawData="2900BCE01114BF01010080" />
  <Telegram Timestamp="2019-01-08T00:17:26.2183116Z" Service="L_Data.ind" FrameFormat="CommonEmi" RawData="2900BCE01114BF01010080" />
  <Telegram Timestamp="2019-01-08T00:17:26.6353355Z" Service="L_Data.ind" FrameFormat="CommonEmi" RawData="2900BCE0110D1300010081" />
  <Telegram Timestamp="2019-01-08T00:17:27.2193689Z" Service="L_Data.ind" FrameFormat="CommonEmi" RawData="2900BCE01114BF01010080" />
  <Telegram Timestamp="2019-01-08T00:17:28.218426Z" Service="L_Data.ind" FrameFormat="CommonEmi" RawData="2900BCE01114BF01010080" />
  <Telegram Timestamp="2019-01-08T00:17:29.2184832Z" Service="L_Data.ind" FrameFormat="CommonEmi" RawData="2900BCE01114BF01010080" />
  <Telegram Timestamp="2019-01-08T00:17:29.3144887Z" Service="L_Data.ind" FrameFormat="CommonEmi" RawData="2900BCE0110D1301010081" />
  <Telegram Timestamp="2019-01-08T00:17:30.2195405Z" Service="L_Data.ind" FrameFormat="CommonEmi" RawData="2900BCE01114BF01010080" />
  <Telegram Timestamp="2019-01-08T00:17:31.2195977Z" Service="L_Data.ind" FrameFormat="CommonEmi" RawData="2900BCE01114BF01010080" />
  <RecordStop Timestamp="2019-01-08T00:17:31.8136317Z" />
  <RecordStart Timestamp="2019-01-08T00:17:57.9801283Z" Mode="LinkLayer" Host="alvaro-PC" ConnectionName="1" ConnectionOptions="Type=KnxIpTunneling;HostAddress=192.168.4.214;UseNat=True;Name=1" ConnectorType="KnxIpTunneling" />
  <Telegram Timestamp="2019-01-08T00:17:58.2181419Z" Service="L_Data.ind" FrameFormat="CommonEmi" RawData="2900BCE01114BF01010080" />
  <Telegram Timestamp="2019-01-08T00:17:58.9701849Z" Service="L_Data.ind" FrameFormat="CommonEmi" RawData="2900BCE0110D1300010080" />
  <Telegram Timestamp="2019-01-08T00:17:59.2181991Z" Service="L_Data.ind" FrameFormat="CommonEmi" RawData="2900BCE01114BF01010080" />
  <Telegram Timestamp="2019-01-08T00:18:00.2182563Z" Service="L_Data.ind" FrameFormat="CommonEmi" RawData="2900BCE01114BF01010080" />
  <Telegram Timestamp="2019-01-08T00:18:01.2303142Z" Service="L_Data.ind" FrameFormat="CommonEmi" RawData="2900BCE01114BF01010080" />
  <Telegram Timestamp="2019-01-08T00:18:02.170368Z" Service="L_Data.ind" FrameFormat="CommonEmi" RawData="2900BCE0110D1301010080" />
  <Telegram Timestamp="2019-01-08T00:18:02.2183707Z" Service="L_Data.ind" FrameFormat="CommonEmi" RawData="2900BCE01114BF01010080" />
  <Telegram Timestamp="2019-01-08T00:18:03.3274342Z" Service="L_Data.ind" FrameFormat="CommonEmi" RawData="2900BCE01114BF01010080" />
  <Telegram Timestamp="2019-01-08T00:18:04.2174851Z" Service="L_Data.ind" FrameFormat="CommonEmi" RawData="2900BCE01114BF01010080" />
  <Telegram Timestamp="2019-01-08T00:18:05.2175423Z" Service="L_Data.ind" FrameFormat="CommonEmi" RawData="2900BCE01114BF01010080" />
  <RecordStop Timestamp="2019-01-08T00:18:05.8895807Z" />
  <RecordStart Timestamp="2019-01-08T00:19:36.6917743Z" Mode="LinkLayer" Host="alvaro-PC" ConnectionName="1" ConnectionOptions="Type=KnxIpTunneling;HostAddress=192.168.4.214;UseNat=True;Name=1" ConnectorType="KnxIpTunneling" />
  <Telegram Timestamp="2019-01-08T00:19:37.2148042Z" Service="L_Data.ind" FrameFormat="CommonEmi" RawData="2900BCE01114BF01010080" />
  <Telegram Timestamp="2019-01-08T00:19:38.2148614Z" Service="L_Data.ind" FrameFormat="CommonEmi" RawData="2900BCE01114BF01010080" />
  <Telegram Timestamp="2019-01-08T00:19:39.2149186Z" Service="L_Data.ind" FrameFormat="CommonEmi" RawData="2900BCE01114BF01010080" />
  <Telegram Timestamp="2019-01-08T00:19:40.2149758Z" Service="L_Data.ind" FrameFormat="CommonEmi" RawData="2900BCE01114BF01010080" />
  <Telegram Timestamp="2019-01-08T00:19:41.2170331Z" Service="L_Data.ind" FrameFormat="CommonEmi" RawData="2900BCE01114BF01010080" />
  <Telegram Timestamp="2019-01-08T00:19:42.2150902Z" Service="L_Data.ind" FrameFormat="CommonEmi" RawData="2900BCE01114BF01010080" />
  <Telegram Timestamp="2019-01-08T00:19:43.2291482Z" Service="L_Data.ind" FrameFormat="CommonEmi" RawData="2900BCE01114BF01010080" />
  <Telegram Timestamp="2019-01-08T00:19:44.2142045Z" Service="L_Data.ind" FrameFormat="CommonEmi" RawData="2900BCE01114BF01010080" />
  <Telegram Timestamp="2019-01-08T00:19:45.2142617Z" Service="L_Data.ind" FrameFormat="CommonEmi" RawData="2900BCE01114BF01010080" />
  <Telegram Timestamp="2019-01-08T00:19:46.2143189Z" Service="L_Data.ind" FrameFormat="CommonEmi" RawData="2900BCE01114BF01010080" />
  <Telegram Timestamp="2019-01-08T00:19:47.2163763Z" Service="L_Data.ind" FrameFormat="CommonEmi" RawData="2900BCE01114BF01010080" />
  <Telegram Timestamp="2019-01-08T00:19:48.2154334Z" Service="L_Data.ind" FrameFormat="CommonEmi" RawData="2900BCE01114BF01010080" />
  <Telegram Timestamp="2019-01-08T00:19:49.2154906Z" Service="L_Data.ind" FrameFormat="CommonEmi" RawData="2900BCE01114BF01010080" />
  <Telegram Timestamp="2019-01-08T00:19:50.2155478Z" Service="L_Data.ind" FrameFormat="CommonEmi" RawData="2900BCE01114BF01010080" />
  <Telegram Timestamp="2019-01-08T00:19:51.215605Z" Service="L_Data.ind" FrameFormat="CommonEmi" RawData="2900BCE01114BF01010080" />
  <Telegram Timestamp="2019-01-08T00:19:52.2166623Z" Service="L_Data.ind" FrameFormat="CommonEmi" RawData="2900BCE01114BF01010080" />
  <Telegram Timestamp="2019-01-08T00:19:53.2147193Z" Service="L_Data.ind" FrameFormat="CommonEmi" RawData="2900BCE01114BF01010080" />
  <Telegram Timestamp="2019-01-08T00:19:54.2147765Z" Service="L_Data.ind" FrameFormat="CommonEmi" RawData="2900BCE01114BF01010080" />
  <Telegram Timestamp="2019-01-08T00:19:55.2148337Z" Service="L_Data.ind" FrameFormat="CommonEmi" RawData="2900BCE01114BF01010080" />
  <Telegram Timestamp="2019-01-08T00:19:56.2148909Z" Service="L_Data.ind" FrameFormat="CommonEmi" RawData="2900BCE01114BF01010080" />
  <Telegram Timestamp="2019-01-08T00:19:57.2149481Z" Service="L_Data.ind" FrameFormat="CommonEmi" RawData="2900BCE01114BF01010080" />
  <Telegram Timestamp="2019-01-08T00:19:58.2140053Z" Service="L_Data.ind" FrameFormat="CommonEmi" RawData="2900BCE01114BF01010080" />
  <Telegram Timestamp="2019-01-08T00:19:59.2140625Z" Service="L_Data.ind" FrameFormat="CommonEmi" RawData="2900BCE01114BF01010080" />
  <Telegram Timestamp="2019-01-08T00:20:00.2141197Z" Service="L_Data.ind" FrameFormat="CommonEmi" RawData="2900BCE01114BF01010080" />
  <Telegram Timestamp="2019-01-08T00:20:01.2151769Z" Service="L_Data.ind" FrameFormat="CommonEmi" RawData="2900BCE01114BF01010080" />
  <Telegram Timestamp="2019-01-08T00:20:02.2152341Z" Service="L_Data.ind" FrameFormat="CommonEmi" RawData="2900BCE01114BF01010080" />
  <Telegram Timestamp="2019-01-08T00:20:03.2222917Z" Service="L_Data.ind" FrameFormat="CommonEmi" RawData="2900BCE01114BF01010080" />
  <Telegram Timestamp="2019-01-08T00:20:04.2153485Z" Service="L_Data.ind" FrameFormat="CommonEmi" RawData="2900BCE01114BF01010080" />
  <Telegram Timestamp="2019-01-08T00:20:05.2154057Z" Service="L_Data.ind" FrameFormat="CommonEmi" RawData="2900BCE01114BF01010080" />
  <Telegram Timestamp="2019-01-08T00:20:06.2144629Z" Service="L_Data.ind" FrameFormat="CommonEmi" RawData="2900BCE01114BF01010080" />
  <Telegram Timestamp="2019-01-08T00:20:07.2895244Z" Service="L_Data.ind" FrameFormat="CommonEmi" RawData="2900BCE01114BF01010080" />
  <Telegram Timestamp="2019-01-08T00:20:08.2145773Z" Service="L_Data.ind" FrameFormat="CommonEmi" RawData="2900BCE01114BF01010080" />
  <Telegram Timestamp="2019-01-08T00:20:09.2146345Z" Service="L_Data.ind" FrameFormat="CommonEmi" RawData="2900BCE01114BF01010080" />
  <Telegram Timestamp="2019-01-08T00:20:10.2826956Z" Service="L_Data.ind" FrameFormat="CommonEmi" RawData="2900BCE01114BF01010080" />
  <Telegram Timestamp="2019-01-08T00:20:11.2147489Z" Service="L_Data.ind" FrameFormat="CommonEmi" RawData="2900BCE01114BF01010080" />
  <Telegram Timestamp="2019-01-08T00:20:12.213806Z" Service="L_Data.ind" FrameFormat="CommonEmi" RawData="2900BCE01114BF01010080" />
  <Telegram Timestamp="2019-01-08T00:20:13.2138632Z" Service="L_Data.ind" FrameFormat="CommonEmi" RawData="2900BCE01114BF01010080" />
  <Telegram Timestamp="2019-01-08T00:20:14.2139204Z" Service="L_Data.ind" FrameFormat="CommonEmi" RawData="2900BCE01114BF01010080" />
  <Telegram Timestamp="2019-01-08T00:20:15.2149777Z" Service="L_Data.ind" FrameFormat="CommonEmi" RawData="2900BCE01114BF01010080" />
  <Telegram Timestamp="2019-01-08T00:20:16.2150349Z" Service="L_Data.ind" FrameFormat="CommonEmi" RawData="2900BCE01114BF01010080" />
  <Telegram Timestamp="2019-01-08T00:20:17.2150921Z" Service="L_Data.ind" FrameFormat="CommonEmi" RawData="2900BCE01114BF01010080" />
  <Telegram Timestamp="2019-01-08T00:20:18.2151493Z" Service="L_Data.ind" FrameFormat="CommonEmi" RawData="2900BCE01114BF01010080" />
  <Telegram Timestamp="2019-01-08T00:20:19.2152065Z" Service="L_Data.ind" FrameFormat="CommonEmi" RawData="2900BCE01114BF01010080" />
  <Telegram Timestamp="2019-01-08T00:20:20.2152637Z" Service="L_Data.ind" FrameFormat="CommonEmi" RawData="2900BCE01114BF01010080" />
  <Telegram Timestamp="2019-01-08T00:20:21.2143208Z" Service="L_Data.ind" FrameFormat="CommonEmi" RawData="2900BCE01114BF01010080" />
  <Telegram Timestamp="2019-01-08T00:20:22.2153781Z" Service="L_Data.ind" FrameFormat="CommonEmi" RawData="2900BCE01114BF01010080" />
  <Telegram Timestamp="2019-01-08T00:20:23.2174354Z" Service="L_Data.ind" FrameFormat="CommonEmi" RawData="2900BCE01114BF01010080" />
  <Telegram Timestamp="2019-01-08T00:20:24.2144924Z" Service="L_Data.ind" FrameFormat="CommonEmi" RawData="2900BCE01114BF01010080" />
  <Telegram Timestamp="2019-01-08T00:20:25.2135496Z" Service="L_Data.ind" FrameFormat="CommonEmi" RawData="2900BCE01114BF01010080" />
  <Telegram Timestamp="2019-01-08T00:20:26.2146068Z" Service="L_Data.ind" FrameFormat="CommonEmi" RawData="2900BCE01114BF01010080" />
  <Telegram Timestamp="2019-01-08T00:20:28.2897255Z" Service="L_Data.ind" FrameFormat="CommonEmi" RawData="2900BCE01114BF01010080" />
  <Telegram Timestamp="2019-01-08T00:20:28.3037263Z" Service="L_Data.ind" FrameFormat="CommonEmi" RawData="2900BCE01114BF01010080" />
  <Telegram Timestamp="2019-01-08T00:20:29.2157785Z" Service="L_Data.ind" FrameFormat="CommonEmi" RawData="2900BCE01114BF01010080" />
  <Telegram Timestamp="2019-01-08T00:20:30.2148356Z" Service="L_Data.ind" FrameFormat="CommonEmi" RawData="2900BCE01114BF01010080" />
  <Telegram Timestamp="2019-01-08T00:20:31.2218932Z" Service="L_Data.ind" FrameFormat="CommonEmi" RawData="2900BCE01114BF01010080" />
  <Connection Timestamp="2019-01-08T00:21:16.7204956Z" State="Lost" />
  <RecordStop Timestamp="2019-01-08T00:22:01.5350589Z" />
</CommunicationLog>